country,n_seasons,variant,model_type,elapsed_s,mae,per_horizon_mae,weighted_horizon_score,peak_timing_error,peak_magnitude_error,sir_residual,positivity_violation,trainable_params
US,,pretrain_baseline,lstm,9.0,0.6485885977745056,"[0.1333349645137787, 0.2761262357234955, 0.4152792692184448, 0.5219296813011169, 0.6389541625976562, 0.7452240586280823, 0.8352524042129517, 0.9103889465332031, 0.9793862104415894, 1.0300097465515137]",0.556840349568261,2.4324324131011963,0.8244178295135498,0.14493907988071442,0.1637996882200241,
US,,pretrain_baseline,gru,7.0,0.7250776290893555,"[0.14554807543754578, 0.32697057723999023, 0.481362521648407, 0.6097848415374756, 0.7278866767883301, 0.8328425884246826, 0.924666702747345, 1.0042842626571655, 1.0734630823135376, 1.1239670515060425]",0.6267697018053797,2.936937093734741,0.8901566863059998,0.1567610651254654,0.19734078645706177,
US,,pretrain_baseline,tcn,2.2,0.7231744527816772,"[0.15192121267318726, 0.3242236375808716, 0.47000783681869507, 0.595151960849762, 0.7470930218696594, 0.8468921184539795, 0.9437474012374878, 1.0301579236984253, 1.0630278587341309, 1.0595221519470215]",0.6271391020880805,2.7747747898101807,0.9068625569343567,0.1534092277288437,0.20138713717460632,
US,,pretrain_baseline,transformer,4.4,0.6796940565109253,"[0.2292535901069641, 0.3316535949707031, 0.43898287415504456, 0.6112596988677979, 0.6536872386932373, 0.7624003291130066, 0.8894458413124084, 0.9016884565353394, 0.9779230356216431, 1.0006459951400757]",0.5978984145654572,2.9279279708862305,0.8647086024284363,0.14925909042358398,0.15643055737018585,
US,,pretrain_baseline,seasonal_naive,0.0,0.6807310581207275,"[0.7099707722663879, 0.6978892683982849, 0.6892929673194885, 0.6817901730537415, 0.6763310432434082, 0.6702197194099426, 0.6662041544914246, 0.6654487252235413, 0.6671567559242249, 0.6830070614814758]",0.6842304617166518,1.954954981803894,0.9001979231834412,,0.11986090987920761,
US,,pretrain_diffusion,diffusion,2.2,0.9280997514724731,"[0.7510613203048706, 0.8916078805923462, 0.9166961908340454, 0.9239086508750916, 0.9271588325500488, 0.934917688369751, 0.9370748996734619, 0.953009843826294, 0.9773886799812317, 1.0681737661361694]",0.907636978228887,3.085585594177246,1.32546067237854,0.1482284516096115,0.1609654277563095,
FRA,1.0,frozen,diffusion,0.0,19.004915237426758,"[14.092782020568848, 17.046428680419922, 18.211301803588867, 19.23784637451172, 19.46681785583496, 19.59767723083496, 19.339988708496094, 20.14735984802246, 20.954811096191406, 21.954139709472656]",18.40364603996277,3.270270347595215,35.76887130737305,1.7087244987487793,0.0,0.0
FRA,1.0,naive_full_finetune,diffusion,0.0,21.314834594726562,"[15.29988956451416, 18.649999618530273, 20.266345977783203, 21.119709014892578, 21.42945671081543, 22.525083541870117, 22.73682975769043, 23.182781219482422, 23.827577590942383, 24.110671997070312]",20.558894205093384,2.945945978164673,37.39440155029297,2.290602207183838,0.025355035439133644,17218.0
FRA,1.0,lora_no_physics,diffusion,0.0,19.752351760864258,"[14.66224193572998, 17.16078758239746, 18.56784439086914, 19.372499465942383, 19.690444946289062, 19.68871307373047, 20.202831268310547, 21.751144409179688, 22.582103729248047, 23.84490966796875]",18.98013545672099,4.0,36.40822219848633,1.8749767541885376,0.0,1048.0
FRA,1.0,lora_adjoint_matched,diffusion,0.2,19.201740264892578,"[14.826614379882812, 17.05484390258789, 17.990951538085938, 18.984920501708984, 19.315170288085938, 19.545455932617188, 20.093002319335938, 20.358963012695312, 21.184276580810547, 22.663206100463867]",18.56379632949829,3.5675675868988037,35.968631744384766,1.563259243965149,0.0,1048.0
FRA,1.0,from_scratch,diffusion,0.0,23.71820640563965,"[20.606626510620117, 22.506973266601562, 23.540483474731445, 24.16532325744629, 23.783021926879883, 23.20901107788086, 24.22208595275879, 25.585569381713867, 25.531421661376953, 24.031557083129883]",23.374778355492488,3.8918919563293457,36.522098541259766,7.3838934898376465,0.2082587033510208,17218.0
FRA,1.0,from_scratch_lstm,lstm,0.2,20.29154396057129,"[17.788238525390625, 18.416645050048828, 18.90001678466797, 19.118223190307617, 19.371397018432617, 19.863525390625, 20.67371940612793, 21.99374771118164, 22.969911575317383, 23.820024490356445]",19.698288186391196,2.594594717025757,41.31892013549805,3.7238800525665283,0.0,100929.0
FRA,1.0,from_scratch_gru,gru,0.1,19.49292755126953,"[15.93667221069336, 17.075984954833984, 17.993967056274414, 18.340478897094727, 18.716550827026367, 19.215431213378906, 20.054697036743164, 21.49467658996582, 22.603879928588867, 23.496917724609375]",18.77135588328044,2.4864864349365234,39.312129974365234,4.229625701904297,0.0,75713.0
FRA,1.0,from_scratch_tcn,tcn,0.0,21.31024169921875,"[19.90223503112793, 19.39832878112793, 21.390193939208984, 19.464242935180664, 19.123592376708984, 20.600204467773438, 22.689701080322266, 22.737390518188477, 24.626768112182617, 23.169748306274414]",20.844153531392415,3.8648650646209717,34.06309509277344,6.118463516235352,0.05334948003292084,15818.0
FRA,1.0,from_scratch_transformer,transformer,0.1,19.306081771850586,"[15.126336097717285, 17.204402923583984, 19.296091079711914, 19.757919311523438, 19.632848739624023, 19.944927215576172, 20.426897048950195, 20.23217010498047, 20.529687881469727, 20.909536361694336]",18.848719432618886,3.5135135650634766,29.7564640045166,7.216879844665527,0.0,70282.0
FRA,2.0,frozen,diffusion,0.0,20.175338745117188,"[14.68092155456543, 17.4097900390625, 18.904537200927734, 19.5351619720459, 20.16141700744629, 20.52808380126953, 21.066329956054688, 22.173398971557617, 23.237913131713867, 24.05582046508789]",19.361585013071696,3.7567567825317383,37.212249755859375,1.6825919151306152,0.0,0.0
FRA,2.0,naive_full_finetune,diffusion,0.1,23.444896697998047,"[18.38533592224121, 21.741788864135742, 22.796899795532227, 23.307106018066406, 23.22049331665039, 23.39207649230957, 24.03569793701172, 25.13475227355957, 25.86849021911621, 26.566343307495117]",22.797328429751925,3.2162163257598877,40.77700424194336,1.869703769683838,0.31434381008148193,17218.0
FRA,2.0,lora_no_physics,diffusion,0.1,20.2172908782959,"[14.464451789855957, 17.732633590698242, 19.3388614654541, 20.106277465820312, 20.335960388183594, 20.47414207458496, 20.841184616088867, 21.881790161132812, 22.827138900756836, 24.170461654663086]",19.450217029783463,3.621621608734131,36.49536895751953,1.7353190183639526,0.0,1048.0
FRA,2.0,lora_adjoint_matched,diffusion,0.2,21.274818420410156,"[16.4776554107666, 19.13321876525879, 19.572086334228516, 20.05263900756836, 20.6846981048584, 20.801788330078125, 21.91402244567871, 23.481874465942383, 24.64015007019043, 25.99003791809082]",20.44476073582967,4.081081390380859,38.76715850830078,1.6237577199935913,0.0,1048.0
FRA,2.0,from_scratch,diffusion,0.0,20.94316864013672,"[18.48004150390625, 18.293964385986328, 18.210613250732422, 20.509857177734375, 20.703166961669922, 19.977081298828125, 20.359859466552734, 23.225299835205078, 24.238861083984375, 25.432941436767578]",20.231570137871635,4.216216087341309,36.29791259765625,5.980784893035889,0.1049736887216568,17218.0
FRA,2.0,from_scratch_lstm,lstm,0.2,20.337139129638672,"[17.726383209228516, 18.519685745239258, 19.02663230895996, 19.218341827392578, 19.435985565185547, 19.90932846069336, 20.696929931640625, 22.007280349731445, 22.972694396972656, 23.85814094543457]",19.747311231825087,2.324324369430542,41.33079528808594,3.6501574516296387,0.0,100929.0
FRA,2.0,from_scratch_gru,gru,0.2,18.829885482788086,"[14.00026798248291, 15.792669296264648, 16.95736312866211, 17.833396911621094, 18.347238540649414, 18.863033294677734, 19.583406448364258, 20.970687866210938, 22.309045791625977, 23.64174461364746]",17.95088331964281,2.5675675868988037,35.61525344848633,5.8753790855407715,0.0,75713.0
FRA,2.0,from_scratch_tcn,tcn,0.0,21.420461654663086,"[11.994254112243652, 15.108404159545898, 17.787384033203125, 18.716110229492188, 20.465869903564453, 22.592002868652344, 26.66013526916504, 26.404552459716797, 27.007780075073242, 27.46812629699707]",19.800436766942344,3.594594717025757,29.393354415893555,7.613972187042236,0.0,15818.0
FRA,2.0,from_scratch_transformer,transformer,0.1,19.32379150390625,"[15.226346969604492, 17.65870475769043, 18.97391128540039, 19.47719955444336, 19.885150909423828, 20.052000045776367, 19.872140884399414, 20.71536636352539, 20.52425193786621, 20.852846145629883]",18.87514593336317,3.4054055213928223,32.25489807128906,7.057518482208252,0.0,70282.0
FRA,3.0,frozen,diffusion,0.0,19.768409729003906,"[14.513824462890625, 17.42671012878418, 18.948810577392578, 20.144824981689453, 20.43341827392578, 20.24985122680664, 20.383682250976562, 20.953372955322266, 21.468175888061523, 23.16143226623535]",19.120218372344972,4.135135173797607,37.11298370361328,1.679917573928833,0.0,0.0
FRA,3.0,naive_full_finetune,diffusion,0.1,19.64592742919922,"[15.126303672790527, 16.909265518188477, 17.373489379882812, 18.698877334594727, 18.703903198242188, 20.31161880493164, 21.227209091186523, 22.28468894958496, 22.53419303894043, 23.28971290588379]",18.831515720155505,3.351351499557495,36.548828125,1.9442185163497925,0.0,17218.0
FRA,3.0,lora_no_physics,diffusion,0.1,20.080835342407227,"[15.292624473571777, 18.448040008544922, 18.89451789855957, 19.14363670349121, 19.48236656188965, 19.90810203552246, 20.511024475097656, 21.902036666870117, 22.922964096069336, 24.303049087524414]",19.347592963112724,3.621621608734131,36.45475387573242,2.0369880199432373,0.00286657502874732,1048.0
FRA,3.0,lora_adjoint_matched,diffusion,0.3,21.364334106445312,"[16.62770652770996, 19.26231575012207, 19.903162002563477, 20.37498664855957, 20.512033462524414, 21.221397399902344, 22.1607608795166, 23.59437370300293, 24.589765548706055, 25.3968505859375]",20.582461971706813,4.135135173797607,38.31584548950195,1.7086236476898193,0.00772114098072052,1048.0
FRA,3.0,from_scratch,diffusion,0.1,21.72985076904297,"[17.055248260498047, 16.9845027923584, 18.944978713989258, 18.53127670288086, 21.414005279541016, 22.024137496948242, 22.73285675048828, 25.859712600708008, 27.018455505371094, 26.733339309692383]",20.59024561776055,3.702702760696411,33.34453201293945,7.402135848999023,0.0622594989836216,17218.0
FRA,3.0,from_scratch_lstm,lstm,0.3,20.71358871459961,"[18.170757293701172, 18.865957260131836, 19.306440353393555, 19.542987823486328, 19.802249908447266, 20.355194091796875, 21.171226501464844, 22.42669677734375, 23.334484100341797, 24.15989112854004]",20.123472775353328,2.4324324131011963,41.91189193725586,3.393155097961426,0.0,100929.0
FRA,3.0,from_scratch_gru,gru,0.2,18.820499420166016,"[14.15894603729248, 15.982521057128906, 17.184162139892578, 18.049373626708984, 18.508956909179688, 18.889951705932617, 19.52872085571289, 20.73863983154297, 21.964433670043945, 23.199289321899414]",18.01034450001187,2.702702760696411,34.749061584472656,6.372574806213379,0.0,75713.0
FRA,3.0,from_scratch_tcn,tcn,0.0,25.55475616455078,"[12.62037181854248, 17.65601921081543, 18.636810302734375, 20.247255325317383, 24.70875358581543, 35.3529052734375, 34.800357818603516, 32.2515754699707, 31.48904037475586, 27.784494400024414]",23.578727600309584,3.702702760696411,31.471656799316406,10.624053955078125,0.0,15818.0
FRA,3.0,from_scratch_transformer,transformer,0.1,19.72776222229004,"[15.376486778259277, 17.66303825378418, 19.71974754333496, 19.554479598999023, 20.22883415222168, 19.626317977905273, 21.525691986083984, 20.71744155883789, 20.983530044555664, 21.882055282592773]",19.216133705774944,3.648648738861084,30.08130645751953,7.6975417137146,0.0,70282.0
FRA,5.0,frozen,diffusion,0.0,20.041763305664062,"[15.084268569946289, 17.765705108642578, 19.510835647583008, 19.59347915649414, 20.153392791748047, 21.087871551513672, 20.988142013549805, 21.609933853149414, 21.952125549316406, 22.6718692779541]",19.41283286412557,3.297297477722168,35.49602508544922,2.5910141468048096,0.0010942716617137194,0.0
FRA,5.0,naive_full_finetune,diffusion,0.1,19.803268432617188,"[16.297317504882812, 18.030946731567383, 18.496145248413086, 18.682682037353516, 18.310972213745117, 18.856809616088867, 19.3848819732666, 21.85858726501465, 23.857154846191406, 24.257192611694336]",19.070563560061984,3.4054055213928223,34.85363006591797,2.814800977706909,0.0,17218.0
FRA,5.0,lora_no_physics,diffusion,0.1,19.953533172607422,"[16.032306671142578, 17.158048629760742, 17.51869010925293, 19.416763305664062, 20.616621017456055, 21.053428649902344, 21.359481811523438, 21.548870086669922, 22.264423370361328, 22.56670570373535]",19.281477949354386,3.2162163257598877,29.95375633239746,3.115926504135132,0.0,1048.0
FRA,5.0,lora_adjoint_matched,diffusion,0.4,20.107900619506836,"[17.479188919067383, 18.817630767822266, 18.91727066040039, 19.791210174560547, 20.41374969482422, 20.435745239257812, 20.654857635498047, 21.061771392822266, 21.12192153930664, 22.385637283325195]",19.69887881808811,3.4324324131011963,34.129798889160156,2.9070780277252197,0.003192138858139515,1048.0
FRA,5.0,from_scratch,diffusion,0.1,19.796466827392578,"[16.373933792114258, 17.23670768737793, 19.188766479492188, 17.722618103027344, 19.668323516845703, 20.300973892211914, 19.63324546813965, 21.740236282348633, 22.52595329284668, 23.57390022277832]",19.12454199261136,3.2432432174682617,30.65556526184082,6.012115955352783,0.04304090142250061,17218.0
FRA,5.0,from_scratch_lstm,lstm,0.4,19.0366153717041,"[14.773357391357422, 16.44794273376465, 17.49381446838379, 18.163440704345703, 18.488868713378906, 18.850473403930664, 19.562780380249023, 20.96722412109375, 22.291065216064453, 23.327194213867188]",18.259876908196347,2.5135135650634766,35.879764556884766,5.9882097244262695,0.0,100929.0
FRA,5.0,from_scratch_gru,gru,0.3,18.371326446533203,"[11.746049880981445, 14.147150993347168, 16.234445571899414, 17.520126342773438, 18.296409606933594, 18.87586784362793, 19.73643684387207, 21.182523727416992, 22.470460891723633, 23.503793716430664]",17.282150740093655,4.837838172912598,33.115447998046875,5.417481899261475,0.0,75713.0
FRA,5.0,from_scratch_tcn,tcn,0.0,17.09626007080078,"[8.953537940979004, 12.668107986450195, 15.594565391540527, 17.19812774658203, 18.3435001373291, 18.732833862304688, 18.547094345092773, 19.38938331604004, 19.781625747680664, 21.753828048706055]",16.049551794264055,3.594594717025757,29.897689819335938,5.4318084716796875,0.0,15818.0
FRA,5.0,from_scratch_transformer,transformer,0.2,17.652189254760742,"[12.128704071044922, 13.200522422790527, 17.5219669342041, 18.027040481567383, 20.07333755493164, 18.241647720336914, 18.204565048217773, 18.571880340576172, 19.106760025024414, 21.445486068725586]",16.934717999564278,3.2432432174682617,27.767723083496094,6.063183784484863,0.0,70282.0
FRA,10.0,frozen,diffusion,0.0,18.600858688354492,"[13.251738548278809, 15.749091148376465, 17.224899291992188, 17.300859451293945, 18.011781692504883, 17.852890014648438, 18.955339431762695, 20.64927864074707, 22.891401290893555, 24.12129783630371]",17.657809681362576,3.8108108043670654,29.776763916015625,2.693805456161499,0.0,0.0
FRA,10.0,naive_full_finetune,diffusion,0.1,19.686260223388672,"[16.0974063873291, 18.84430503845215, 19.31593132019043, 19.51573371887207, 18.309532165527344, 18.143775939941406, 19.605321884155273, 21.701244354248047, 22.566667556762695, 22.76268196105957]",19.141406748029922,3.8918919563293457,29.646495819091797,3.103502035140991,0.0,17218.0
FRA,10.0,lora_no_physics,diffusion,0.2,19.461990356445312,"[15.694687843322754, 17.298099517822266, 17.961339950561523, 17.644752502441406, 19.65937614440918, 21.348180770874023, 21.02606201171875, 20.954504013061523, 21.214237213134766, 21.818660736083984]",18.854616329405044,3.297297477722168,31.143186569213867,3.1535212993621826,0.0,1048.0
FRA,10.0,lora_adjoint_matched,diffusion,0.6,20.00435447692871,"[16.59751319885254, 17.915523529052734, 18.65007781982422, 20.175546646118164, 19.658466339111328, 19.25347137451172, 19.00153160095215, 21.922805786132812, 23.277957916259766, 23.59065818786621]",19.37706665462918,4.4594597816467285,34.06377029418945,3.329982280731201,0.0007505313842557371,1048.0
FRA,10.0,from_scratch,diffusion,0.1,22.4617977142334,"[18.960010528564453, 19.37139320373535, 19.8778018951416, 21.118173599243164, 22.58504295349121, 24.021076202392578, 23.68789291381836, 23.959495544433594, 24.668825149536133, 26.368284225463867]",21.721187697516548,4.081081390380859,35.42174530029297,5.021437168121338,0.04411621764302254,17218.0
FRA,10.0,from_scratch_lstm,lstm,0.6,19.146642684936523,"[14.310395240783691, 16.279178619384766, 17.664846420288086, 18.673873901367188, 19.047077178955078, 19.30640411376953, 19.86804962158203, 21.137351989746094, 22.13297462463379, 23.0462646484375]",18.364398421181576,3.7297298908233643,33.449100494384766,6.737359046936035,0.0,100929.0
FRA,10.0,from_scratch_gru,gru,0.5,18.640398025512695,"[11.067039489746094, 14.184886932373047, 17.003217697143555, 18.582246780395508, 18.782546997070312, 18.941848754882812, 19.90038299560547, 21.464923858642578, 22.770395278930664, 23.706483840942383]",17.52775393591987,5.108108043670654,28.02614402770996,4.124710559844971,0.0,75713.0
FRA,10.0,from_scratch_tcn,tcn,0.1,17.344106674194336,"[9.005404472351074, 12.07666301727295, 15.815136909484863, 17.856454849243164, 18.10502052307129, 18.49860191345215, 18.06363296508789, 18.889780044555664, 21.487096786499023, 23.64328384399414]",16.155205965042114,4.027027130126953,24.19049072265625,5.60791015625,0.0051876273937523365,15818.0
FRA,10.0,from_scratch_transformer,transformer,0.4,20.41368865966797,"[11.88043212890625, 21.408912658691406, 17.169198989868164, 20.865129470825195, 22.271713256835938, 21.140901565551758, 19.243858337402344, 20.142906188964844, 22.28352928161621, 27.730297088623047]",19.53788227505154,3.648648738861084,25.32515525817871,7.186905384063721,0.0041863517835736275,70282.0
MEX,1.0,frozen,diffusion,0.0,26.469465255737305,"[22.732009887695312, 24.65319061279297, 23.457910537719727, 23.924325942993164, 24.566158294677734, 25.48767852783203, 26.202651977539062, 27.41084098815918, 29.81557273864746, 36.44429397583008]",25.43019455803765,3.616438388824463,42.72265625,5.015346527099609,0.0,0.0
MEX,1.0,naive_full_finetune,diffusion,0.1,25.743473052978516,"[21.394622802734375, 24.16790771484375, 24.140411376953125, 24.082117080688477, 23.378625869750977, 23.046768188476562, 23.639341354370117, 26.02427101135254, 30.080326080322266, 37.48032760620117]",24.6661531024509,4.0547943115234375,41.86204528808594,5.010890960693359,0.0,17218.0
MEX,1.0,lora_no_physics,diffusion,0.1,26.455860137939453,"[23.884593963623047, 25.18549156188965, 24.490943908691406, 23.944664001464844, 24.257253646850586, 24.538148880004883, 25.22394561767578, 26.741374969482422, 30.04766082763672, 36.2444953918457]",25.563383981916637,4.49315071105957,43.9570198059082,5.428589820861816,0.0,1048.0
MEX,1.0,lora_adjoint_matched,diffusion,0.3,28.28467559814453,"[25.961673736572266, 27.7463436126709, 26.04665756225586, 26.0715389251709, 26.05172348022461, 26.07958984375, 26.605661392211914, 28.41058349609375, 31.832124710083008, 38.04084396362305]",27.44710261027018,3.726027488708496,44.05911636352539,4.738818168640137,0.0,1048.0
MEX,1.0,from_scratch,diffusion,0.1,46.15379333496094,"[49.34344482421875, 50.994476318359375, 45.9389762878418, 44.603511810302734, 44.697357177734375, 49.67387390136719, 49.543148040771484, 46.516761779785156, 42.08928680419922, 38.13711166381836]",46.93440026177301,3.726027488708496,82.00628662109375,17.353120803833008,0.04930662363767624,17218.0
MEX,1.0,from_scratch_lstm,lstm,0.3,22.86908721923828,"[22.162588119506836, 22.278818130493164, 22.617719650268555, 22.893312454223633, 23.055166244506836, 23.133373260498047, 23.15328598022461, 23.14267349243164, 23.127689361572266, 23.126239776611328]",22.76854297849867,3.0821917057037354,21.251998901367188,6.300436496734619,0.0,100929.0
MEX,1.0,from_scratch_gru,gru,0.2,23.756999969482422,"[18.5562801361084, 21.601654052734375, 23.38576889038086, 24.365121841430664, 24.839401245117188, 25.022802352905273, 25.043603897094727, 24.987865447998047, 24.913330078125, 24.85416603088379]",23.256488090091285,3.0410959720611572,23.145387649536133,6.84588098526001,0.0,75713.0
MEX,1.0,from_scratch_tcn,tcn,0.0,23.887727737426758,"[7.934040069580078, 10.492642402648926, 15.744378089904785, 18.470369338989258, 18.258012771606445, 29.730241775512695, 40.83055114746094, 33.72777557373047, 31.322301864624023, 32.3669548034668]",20.920095613267684,3.246575355529785,38.92399978637695,9.093263626098633,0.0,15818.0
MEX,1.0,from_scratch_transformer,transformer,0.2,41.67435836791992,"[4.698533535003662, 12.610211372375488, 14.227684020996094, 30.71135139465332, 39.23753356933594, 56.9296875, 63.90858459472656, 69.44332885742188, 60.39091873168945, 64.58573913574219]",34.63651349544525,3.6438355445861816,67.52112579345703,16.04426383972168,0.0,70282.0
MEX,2.0,frozen,diffusion,0.0,25.929418563842773,"[22.636377334594727, 24.512508392333984, 23.2308406829834, 23.12619972229004, 23.50925636291504, 24.28172492980957, 25.677093505859375, 27.207162857055664, 30.295316696166992, 34.81769561767578]",24.938204924265545,4.3972601890563965,37.90361404418945,4.029393672943115,0.0,0.0
MEX,2.0,naive_full_finetune,diffusion,0.1,26.744770050048828,"[19.93695831298828, 22.52808380126953, 21.059032440185547, 21.332279205322266, 22.087642669677734, 23.760494232177734, 27.113651275634766, 30.961563110351562, 35.74013137817383, 42.927852630615234]",24.700702222188312,3.8082191944122314,45.47551727294922,5.370747089385986,0.0,17218.0
MEX,2.0,lora_no_physics,diffusion,0.1,28.635435104370117,"[22.276622772216797, 26.555721282958984, 26.307239532470703, 27.87095832824707, 27.958311080932617, 28.215389251708984, 28.813562393188477, 29.254194259643555, 31.11475944519043, 37.987606048583984]",27.57359321382311,4.547945022583008,42.46741485595703,4.933737754821777,0.0,1048.0
MEX,2.0,lora_adjoint_matched,diffusion,0.4,32.3176155090332,"[29.60057258605957, 31.098041534423828, 30.009180068969727, 29.389230728149414, 29.889591217041016, 30.21239471435547, 31.86490249633789, 33.44303894042969, 35.93749237060547, 41.73171615600586]",31.38441851933797,4.315068244934082,45.32953643798828,5.154582500457764,0.0,1048.0
MEX,2.0,from_scratch,diffusion,0.1,43.674407958984375,"[43.5574951171875, 43.39830017089844, 44.629676818847656, 44.26787567138672, 42.748138427734375, 41.177555084228516, 42.633277893066406, 42.73167419433594, 42.24626922607422, 49.353797912597656]",43.5180831697252,3.890410900115967,69.11123657226562,10.79632568359375,0.0,17218.0
MEX,2.0,from_scratch_lstm,lstm,0.4,25.876840591430664,"[9.8933744430542, 15.763798713684082, 21.2536563873291, 25.550785064697266, 28.50499725341797, 30.34787368774414, 31.38152503967285, 31.884695053100586, 32.07686233520508, 32.11086654663086]",23.728848097059462,4.287671089172363,30.132585525512695,8.718356132507324,0.0,100929.0
MEX,2.0,from_scratch_gru,gru,0.3,23.46951675415039,"[4.026076316833496, 9.60081958770752, 15.870392799377441, 21.54892921447754, 26.06216812133789, 29.259815216064453, 31.23463249206543, 32.22311782836914, 32.50999450683594, 32.359214782714844]",20.52851134936015,4.17808198928833,30.563650131225586,8.839999198913574,0.0,75713.0
MEX,2.0,from_scratch_tcn,tcn,0.1,35.74628829956055,"[5.53336238861084, 6.745758533477783, 12.280208587646484, 18.746341705322266, 30.086355209350586, 39.2429313659668, 51.29714584350586, 63.56678009033203, 67.3448715209961, 62.619140625]",28.517358247439063,4.17808198928833,65.39852905273438,14.252830505371094,0.0,15818.0
MEX,2.0,from_scratch_transformer,transformer,0.3,43.67851257324219,"[11.8225736618042, 15.42959213256836, 21.417219161987305, 17.467395782470703, 30.073259353637695, 53.04607009887695, 70.78997039794922, 79.86075592041016, 70.9388656616211, 65.93938446044922]",36.174206272761026,3.6438355445861816,77.93855285644531,16.48085594177246,0.0,70282.0
MEX,3.0,frozen,diffusion,0.0,22.266315460205078,"[18.904088973999023, 21.393983840942383, 20.820539474487305, 20.280061721801758, 19.913721084594727, 19.91147232055664, 21.070955276489258, 23.00629997253418, 26.069713592529297, 31.292280197143555]",21.391183514065215,3.684931516647339,35.6984748840332,4.22119665145874,0.0,0.0
MEX,3.0,naive_full_finetune,diffusion,0.1,18.868038177490234,"[16.150705337524414, 17.7427978515625, 17.647293090820312, 17.78055191040039, 17.996822357177734, 17.409076690673828, 17.275699615478516, 17.9111385345459, 21.320819854736328, 27.445476531982422]",18.16850473615858,4.219178199768066,31.94423484802246,4.22381067276001,0.0,17218.0
MEX,3.0,lora_no_physics,diffusion,0.2,17.688888549804688,"[15.323979377746582, 16.525693893432617, 15.060118675231934, 14.998581886291504, 15.230013847351074, 16.029268264770508, 16.783504486083984, 18.13455581665039, 21.491771697998047, 27.311382293701172]",16.776801586151127,3.9178082942962646,30.6495418548584,4.145055770874023,0.0,1048.0
MEX,3.0,lora_adjoint_matched,diffusion,0.7,23.130264282226562,"[19.32735824584961, 21.943147659301758, 21.67203712463379, 21.18458366394043, 21.189348220825195, 21.72137451171875, 22.876882553100586, 24.166690826416016, 26.714374542236328, 30.50682830810547]",22.28528473112318,4.287671089172363,34.52718734741211,4.772037506103516,0.0,1048.0
MEX,3.0,from_scratch,diffusion,0.1,25.77506446838379,"[24.2524471282959, 24.558870315551758, 25.46584129333496, 26.935338973999023, 26.84619140625, 26.696571350097656, 26.375253677368164, 25.09865379333496, 25.539098739624023, 25.982345581054688]",25.670811939239503,3.6712329387664795,39.9244270324707,6.175586223602295,0.0,17218.0
MEX,3.0,from_scratch_lstm,lstm,0.6,5.022726058959961,"[2.7118968963623047, 2.459080696105957, 2.936819076538086, 3.5092740058898926, 4.186436653137207, 4.99388313293457, 5.884393692016602, 6.844867706298828, 7.836662292480469, 8.86394214630127]",4.353367145856222,6.50684928894043,6.722102642059326,2.4401907920837402,0.08162213116884232,100929.0
MEX,3.0,from_scratch_gru,gru,0.5,10.850409507751465,"[4.455666542053223, 5.302433490753174, 6.4033732414245605, 7.80810022354126, 9.429621696472168, 11.257567405700684, 13.143552780151367, 15.0469388961792, 16.918895721435547, 18.737943649291992]",9.345365691184998,4.876712322235107,16.75261878967285,4.808952808380127,0.0,75713.0
MEX,3.0,from_scratch_tcn,tcn,0.1,5.512057304382324,"[1.5043282508850098, 2.6730806827545166, 3.5730068683624268, 3.373502492904663, 3.7236721515655518, 5.50346565246582, 7.447936058044434, 8.129094123840332, 9.10428524017334, 10.088201522827148]",4.628408294253879,4.863013744354248,8.113799095153809,3.2623586654663086,0.0,15818.0
MEX,3.0,from_scratch_transformer,transformer,0.4,7.779463768005371,"[0.9495195150375366, 1.1888666152954102, 2.179414987564087, 6.613325595855713, 5.808072090148926, 7.387355804443359, 8.257497787475586, 16.354785919189453, 11.25831127166748, 17.797483444213867]",6.115538620286518,4.821917533874512,15.817815780639648,5.15357780456543,0.0,70282.0
MEX,5.0,frozen,diffusion,0.0,11.568796157836914,"[10.142416000366211, 10.236668586730957, 10.442370414733887, 10.4083890914917, 10.21160888671875, 10.26406192779541, 10.871488571166992, 12.144425392150879, 14.020774841308594, 16.945749282836914]",11.02617991235521,3.5068492889404297,22.115365982055664,3.640347719192505,0.04374205693602562,0.0
MEX,5.0,naive_full_finetune,diffusion,0.3,5.258894920349121,"[4.200685977935791, 3.703207015991211, 3.5097899436950684, 3.8923146724700928, 4.77030086517334, 5.19543981552124, 5.0737528800964355, 5.2459025382995605, 6.624002456665039, 10.373550415039062]",4.766387077172597,4.3972601890563965,12.43036937713623,2.3532490730285645,0.002623675623908639,17218.0
MEX,5.0,lora_no_physics,diffusion,0.3,8.100456237792969,"[8.125852584838867, 7.765084743499756, 7.844293594360352, 8.162008285522461, 8.03514575958252, 7.502998352050781, 7.04473352432251, 7.509125232696533, 7.998267650604248, 11.01705265045166]",7.977715863121881,4.849315166473389,15.314075469970703,2.7822532653808594,0.001236100448295474,1048.0
MEX,5.0,lora_adjoint_matched,diffusion,1.2,13.479196548461914,"[14.246782302856445, 13.587759971618652, 13.621007919311523, 13.203848838806152, 12.436219215393066, 12.39173412322998, 12.240777015686035, 12.802953720092773, 14.14391040802002, 16.11697769165039]",13.40308134290907,3.794520616531372,24.983909606933594,4.441412448883057,0.010623020119965076,1048.0
MEX,5.0,from_scratch,diffusion,0.2,6.929731845855713,"[7.817546844482422, 7.354308128356934, 7.047945022583008, 6.836055278778076, 6.545781135559082, 6.6716694831848145, 6.406605243682861, 5.814393520355225, 6.165494441986084, 8.637516021728516]",6.97568813694848,3.7808218002319336,14.343472480773926,3.323315143585205,0.02102973684668541,17218.0
MEX,5.0,from_scratch_lstm,lstm,1.1,4.766445636749268,"[2.06615948677063, 2.449385166168213, 2.9867711067199707, 3.5836799144744873, 4.235502243041992, 4.933644771575928, 5.663416385650635, 6.4150543212890625, 7.224810600280762, 8.10603141784668]",4.144970022307502,5.0,6.603220462799072,2.580160617828369,0.0,100929.0
MEX,5.0,from_scratch_gru,gru,0.7,4.013298511505127,"[1.8409221172332764, 2.3024497032165527, 2.8017783164978027, 3.302368640899658, 3.7918944358825684, 4.284316062927246, 4.789300441741943, 5.225396633148193, 5.672216892242432, 6.122342109680176]",3.573340430524614,6.1917805671691895,4.3925461769104,2.039555311203003,0.001393879996612668,75713.0
MEX,5.0,from_scratch_tcn,tcn,0.1,5.245743751525879,"[1.57212495803833, 2.058513879776001, 3.4551620483398438, 4.798293113708496, 5.601632595062256, 6.258148193359375, 7.129197120666504, 6.8181352615356445, 7.320255756378174, 7.445975303649902]",4.611516378985511,3.3698630332946777,5.824383735656738,2.8753116130828857,0.0,15818.0
MEX,5.0,from_scratch_transformer,transformer,0.7,6.9583234786987305,"[2.7350661754608154, 1.7187048196792603, 3.076664447784424, 4.033070087432861, 5.54185152053833, 7.509631633758545, 7.779758453369141, 12.77700424194336, 10.767136573791504, 13.644349098205566]",5.718145300944647,4.7397260665893555,11.935401916503906,4.4448957443237305,0.0024973282124847174,70282.0
MEX,10.0,frozen,diffusion,0.0,8.122529029846191,"[7.689101696014404, 8.038044929504395, 8.319221496582031, 7.443575859069824, 6.307734966278076, 6.189765453338623, 7.224153518676758, 8.613720893859863, 9.676755905151367, 11.7232084274292]",7.853227215343052,3.547945261001587,15.264427185058594,2.934267520904541,0.3727418780326843,0.0
MEX,10.0,naive_full_finetune,diffusion,0.4,3.7487378120422363,"[3.6157569885253906, 3.5365068912506104, 3.6675992012023926, 3.239738941192627, 3.0965633392333984, 2.9832332134246826, 3.289019823074341, 3.842803478240967, 4.212386608123779, 6.003769874572754]",3.5979944586753847,3.452054738998413,7.213799476623535,1.5270788669586182,0.011946623213589191,17218.0
MEX,10.0,lora_no_physics,diffusion,0.4,6.140137672424316,"[5.891413688659668, 5.714139938354492, 6.356902599334717, 6.48945426940918, 6.430247783660889, 6.239444732666016, 5.6605000495910645, 5.356595993041992, 5.6450605392456055, 7.617616176605225]",6.099176088968913,3.2191779613494873,12.421891212463379,2.48124623298645,0.006647711154073477,1048.0
MEX,10.0,lora_adjoint_matched,diffusion,2.0,7.288991928100586,"[7.624085426330566, 6.383242607116699, 6.937759876251221, 7.188075065612793, 7.362170696258545, 6.535943508148193, 6.1175079345703125, 6.497142791748047, 8.115891456604004, 10.128089904785156]",7.131082214249505,3.767123222351074,13.644637107849121,3.5006117820739746,0.017486266791820526,1048.0
MEX,10.0,from_scratch,diffusion,0.4,4.181629657745361,"[6.093789100646973, 3.708847999572754, 3.5125062465667725, 3.2288641929626465, 3.0405068397521973, 2.8205461502075195, 3.2167186737060547, 3.608757972717285, 5.053106784820557, 7.53265380859375]",4.056160581111908,4.17808198928833,9.84313678741455,2.5736191272735596,0.02728617936372757,17218.0
MEX,10.0,from_scratch_lstm,lstm,1.6,4.067570686340332,"[1.9189841747283936, 2.2997326850891113, 2.658370018005371, 3.0304157733917236, 3.464517116546631, 3.963103771209717, 4.563089370727539, 5.313806533813477, 6.207357406616211, 7.256331920623779]",3.5466636949115324,5.219178199768066,5.869997024536133,2.117065668106079,0.0,100929.0
MEX,10.0,from_scratch_gru,gru,1.4,4.013897895812988,"[1.4320493936538696, 2.0499513149261475, 2.657533645629883, 3.23144268989563, 3.7753567695617676, 4.313657760620117, 4.862265110015869, 5.403193950653076, 5.924264907836914, 6.489262104034424]",3.503930101792018,4.876712322235107,4.771827220916748,2.383418321609497,0.0,75713.0
MEX,10.0,from_scratch_tcn,tcn,0.2,4.029128551483154,"[1.170373797416687, 1.9094154834747314, 3.0512986183166504, 3.923574447631836, 4.2413411140441895, 4.4343647956848145, 4.653082370758057, 5.455764293670654, 5.714995861053467, 5.737071514129639]",3.572777018944423,4.123287677764893,4.317989349365234,2.3403375148773193,0.0,15818.0
MEX,10.0,from_scratch_transformer,transformer,1.1,5.013843059539795,"[1.1131352186203003, 2.95998215675354, 3.8813977241516113, 2.732083559036255, 4.9779953956604, 6.755284786224365, 7.28801965713501, 8.561062812805176, 6.0012407302856445, 5.868226528167725]",4.442020329501894,4.0,7.1256937980651855,3.4379868507385254,0.004617782775312662,70282.0
AUS,1.0,frozen,diffusion,0.0,25.62316131591797,"[19.6593074798584, 24.263587951660156, 25.068687438964844, 25.583375930786133, 25.90886688232422, 26.115381240844727, 26.408803939819336, 26.846818923950195, 27.264841079711914, 29.1119327545166]",24.96951672236125,4.703389644622803,30.687053680419922,1.0840075016021729,0.002850328804925084,0.0
AUS,1.0,naive_full_finetune,diffusion,0.0,27.66152000427246,"[22.13640785217285, 26.925613403320312, 27.234052658081055, 27.471643447875977, 27.815561294555664, 28.0419979095459, 28.355226516723633, 28.790258407592773, 28.852920532226562, 30.99150848388672]",27.084600883060034,3.9491524696350098,32.90725326538086,1.6507632732391357,0.10769037902355194,17218.0
AUS,1.0,lora_no_physics,diffusion,0.1,25.9561710357666,"[19.990814208984375, 24.65728187561035, 25.466594696044922, 25.980613708496094, 26.353242874145508, 26.589534759521484, 26.829572677612305, 27.115495681762695, 27.404664993286133, 29.173887252807617]",25.328909089830187,4.508474349975586,30.969072341918945,1.105128526687622,0.007531854789704084,1048.0
AUS,1.0,lora_adjoint_matched,diffusion,0.2,26.09918975830078,"[20.3580379486084, 24.81313133239746, 25.624160766601562, 26.175765991210938, 26.51442527770996, 26.742395401000977, 26.902963638305664, 27.17136573791504, 27.505413055419922, 29.184255599975586]",25.4968163702223,4.677966117858887,31.38152503967285,1.052804946899414,0.007905350998044014,1048.0
AUS,1.0,from_scratch,diffusion,0.0,29.534774780273438,"[25.866352081298828, 29.11098289489746, 29.807968139648438, 29.531566619873047, 30.268537521362305, 30.128475189208984, 30.474592208862305, 30.292367935180664, 30.640033721923828, 29.226877212524414]",29.278891489240863,3.745762825012207,35.602108001708984,2.125859022140503,0.6442632079124451,17218.0
AUS,1.0,from_scratch_lstm,lstm,0.2,26.40162467956543,"[24.543060302734375, 24.961111068725586, 25.407625198364258, 25.77187728881836, 26.270065307617188, 26.717456817626953, 27.12124252319336, 27.486196517944336, 27.75897789001465, 27.97863006591797]",26.038326856825087,4.98305082321167,35.675270080566406,1.3962405920028687,0.0,100929.0
AUS,1.0,from_scratch_gru,gru,0.2,23.69655990600586,"[19.457639694213867, 20.35334014892578, 21.402969360351562, 22.38412094116211, 23.482885360717773, 24.46968650817871, 25.348257064819336, 26.11972427368164, 26.728031158447266, 27.218948364257812]",22.87468473646376,4.98305082321167,30.51049041748047,1.772706151008606,0.0,75713.0
AUS,1.0,from_scratch_tcn,tcn,0.0,24.200572967529297,"[8.785489082336426, 12.427412033081055, 17.538055419921875, 20.882530212402344, 24.568763732910156, 26.865917205810547, 29.289901733398438, 31.314912796020508, 33.43798065185547, 36.8947639465332]",21.442455964618258,4.98305082321167,19.558618545532227,2.0290679931640625,0.957929790019989,15818.0
AUS,1.0,from_scratch_transformer,transformer,0.1,25.904062271118164,"[22.28840446472168, 23.1633243560791, 23.786447525024414, 24.17119789123535, 26.037565231323242, 26.496505737304688, 27.95526695251465, 27.77153968811035, 28.69763946533203, 28.672718048095703]",25.193307399749756,4.98305082321167,33.37802505493164,1.2726563215255737,0.0,70282.0
AUS,2.0,frozen,diffusion,0.0,23.583250045776367,"[18.114994049072266, 22.29578971862793, 23.14847755432129, 23.702098846435547, 23.90565299987793, 24.203588485717773, 24.307649612426758, 24.561281204223633, 24.945064544677734, 26.64789581298828]",23.002584584554036,4.0,28.675264358520508,1.270805835723877,0.0014174949610605836,0.0
AUS,2.0,naive_full_finetune,diffusion,0.1,23.842124938964844,"[19.788915634155273, 23.059232711791992, 23.303876876831055, 23.979028701782227, 24.090476989746094, 24.31867027282715, 24.292560577392578, 24.588804244995117, 24.808950424194336, 26.190725326538086]",23.41180341508653,3.525423765182495,29.210222244262695,1.9450931549072266,0.003028477542102337,17218.0
AUS,2.0,lora_no_physics,diffusion,0.1,24.899276733398438,"[19.373584747314453, 23.59966468811035, 24.528364181518555, 24.930011749267578, 25.31943702697754, 25.574623107910156, 25.78174591064453, 26.01837730407715, 26.201005935668945, 27.66594123840332]",24.32649197048611,3.508474588394165,29.550973892211914,1.4735854864120483,0.011028720065951347,1048.0
AUS,2.0,lora_adjoint_matched,diffusion,0.5,24.29660415649414,"[19.52541160583496, 23.20534324645996, 23.92530059814453, 24.351106643676758, 24.72125816345215, 24.94554901123047, 24.99287986755371, 25.180137634277344, 25.307756423950195, 26.811296463012695]",23.803750345442033,3.788135528564453,29.94708824157715,1.4088168144226074,0.0011421497911214828,1048.0
AUS,2.0,from_scratch,diffusion,0.1,23.302698135375977,"[21.992534637451172, 22.627487182617188, 22.65436553955078, 23.52164077758789, 23.114717483520508, 23.349979400634766, 23.464706420898438, 23.56424903869629, 23.769155502319336, 24.9681339263916]",23.083886167738175,4.03389835357666,28.511167526245117,3.196481704711914,0.005958744790405035,17218.0
AUS,2.0,from_scratch_lstm,lstm,0.4,23.676692962646484,"[20.892105102539062, 21.65713119506836, 22.33736228942871, 22.880603790283203, 23.547216415405273, 24.14706039428711, 24.690811157226562, 25.180875778198242, 25.56037139892578, 25.873394012451172]",23.1633469581604,4.98305082321167,31.982013702392578,2.0383992195129395,0.0,100929.0
AUS,2.0,from_scratch_gru,gru,0.4,23.060062408447266,"[17.63467788696289, 19.54616355895996, 21.12255859375, 22.290407180786133, 23.375703811645508, 24.22902488708496, 24.913454055786133, 25.467330932617188, 25.861984252929688, 26.15933609008789]",22.219069724612766,4.98305082321167,28.66892433166504,1.8757797479629517,0.0,75713.0
AUS,2.0,from_scratch_tcn,tcn,0.1,22.733827590942383,"[11.697115898132324, 18.696823120117188, 20.36572265625, 23.4652042388916, 25.122455596923828, 26.6737003326416, 27.118392944335938, 25.483861923217773, 24.52223014831543, 24.192792892456055]",21.67082747883267,4.98305082321167,22.631061553955078,2.1296141147613525,0.00208542263135314,15818.0
AUS,2.0,from_scratch_transformer,transformer,0.2,24.26585578918457,"[19.229413986206055, 20.955411911010742, 23.508296966552734, 24.270944595336914, 24.882280349731445, 26.341753005981445, 25.404029846191406, 25.180402755737305, 25.88003158569336, 27.006000518798828]",23.61207391950819,4.98305082321167,30.168325424194336,1.597152590751648,0.0,70282.0
AUS,3.0,frozen,diffusion,0.0,18.172290802001953,"[13.312024116516113, 16.6591739654541, 17.68051528930664, 18.276077270507812, 18.40842628479004, 18.42378807067871, 18.688129425048828, 19.158599853515625, 19.658517837524414, 21.457664489746094]",17.600357707341512,3.8389830589294434,20.519102096557617,2.5153660774230957,0.0,0.0
AUS,3.0,naive_full_finetune,diffusion,0.2,19.070125579833984,"[15.397931098937988, 18.38622283935547, 19.218017578125, 19.582250595092773, 19.558612823486328, 20.041404724121094, 19.702098846435547, 19.221378326416016, 19.362945556640625, 20.23039436340332]",18.785745848549738,3.203389883041382,22.37255859375,2.5313680171966553,0.002946294378489256,17218.0
AUS,3.0,lora_no_physics,diffusion,0.2,17.850942611694336,"[13.895092010498047, 16.55097198486328, 17.060359954833984, 17.508319854736328, 17.876874923706055, 18.3950138092041, 18.82407569885254, 19.084285736083984, 19.040830612182617, 20.273611068725586]",17.354161802927653,3.1016948223114014,20.79068946838379,2.500304698944092,0.0005234952550381422,1048.0
AUS,3.0,lora_adjoint_matched,diffusion,0.7,20.41036605834961,"[17.951641082763672, 19.54891586303711, 19.70893096923828, 20.61343765258789, 20.60953712463379, 20.654953002929688, 20.666648864746094, 21.21906089782715, 21.180845260620117, 21.94968605041504]",20.103912289937337,3.5847458839416504,23.70870018005371,3.3122599124908447,0.016061188653111458,1048.0
AUS,3.0,from_scratch,diffusion,0.2,17.748401641845703,"[16.478899002075195, 15.636861801147461, 16.468364715576172, 16.411455154418945, 17.558622360229492, 18.283445358276367, 18.20517349243164, 17.840858459472656, 18.762447357177734, 21.837894439697266]",17.286854966481528,4.025423526763916,19.499530792236328,4.797706127166748,0.05364232137799263,17218.0
AUS,3.0,from_scratch_lstm,lstm,0.7,14.9931640625,"[8.148103713989258, 9.60996150970459, 11.374381065368652, 13.047630310058594, 14.784061431884766, 16.36866569519043, 17.7032527923584, 18.816049575805664, 19.672739028930664, 20.406780242919922]",13.695788394080267,4.974576473236084,18.754249572753906,4.3874359130859375,0.0,100929.0
AUS,3.0,from_scratch_gru,gru,0.6,12.882400512695312,"[5.5655293464660645, 7.065600395202637, 8.920902252197266, 10.656332015991211, 12.490653991699219, 14.160459518432617, 15.648496627807617, 17.021102905273438, 18.205154418945312, 19.08977699279785]",11.455498570866055,4.957627296447754,15.820871353149414,5.61604642868042,0.0,75713.0
AUS,3.0,from_scratch_tcn,tcn,0.1,11.224390029907227,"[4.917518138885498, 6.857004642486572, 8.10477066040039, 9.086814880371094, 9.831157684326172, 12.258352279663086, 13.242185592651367, 15.032915115356445, 15.869200706481934, 17.043981552124023]",9.992403613196478,3.9067797660827637,14.574644088745117,5.717931270599365,0.0,15818.0
AUS,3.0,from_scratch_transformer,transformer,0.3,10.200900077819824,"[4.3706769943237305, 5.311751365661621, 6.687846660614014, 8.556846618652344, 7.939423084259033, 12.075661659240723, 13.714299201965332, 14.911502838134766, 12.757328033447266, 15.683664321899414]",9.00832896762424,3.9491524696350098,11.64789867401123,5.89700174331665,0.0013562695821747184,70282.0
AUS,5.0,frozen,diffusion,0.0,17.56947898864746,"[14.24805736541748, 16.669113159179688, 17.433347702026367, 17.46125030517578, 18.127023696899414, 18.061845779418945, 17.79057502746582, 18.018142700195312, 18.018993377685547, 19.866422653198242]",17.214692619111805,3.254237174987793,20.23192596435547,2.972616195678711,0.0,0.0
AUS,5.0,naive_full_finetune,diffusion,0.3,16.525550842285156,"[12.122896194458008, 14.691696166992188, 15.790907859802246, 16.083782196044922, 16.4826602935791, 17.05918312072754, 17.335363388061523, 17.980331420898438, 18.240283966064453, 19.468416213989258]",15.935395532184177,3.46610164642334,18.01926040649414,2.543508768081665,0.005002886522561312,17218.0
AUS,5.0,lora_no_physics,diffusion,0.3,16.55052375793457,"[13.674778938293457, 15.505491256713867, 16.43915367126465, 16.611692428588867, 17.12110137939453, 17.602712631225586, 17.281578063964844, 16.954910278320312, 16.474794387817383, 17.839027404785156]",16.276449547873604,2.974576234817505,19.63559913635254,2.6263351440429688,4.624512257578317e-06,1048.0
AUS,5.0,lora_adjoint_matched,diffusion,1.2,17.06719970703125,"[15.07455825805664, 15.68626594543457, 16.057331085205078, 16.751644134521484, 16.724050521850586, 17.416217803955078, 17.433908462524414, 17.708311080932617, 18.067474365234375, 19.752239227294922]",16.679636489020453,3.771186351776123,20.01548194885254,3.4326412677764893,0.005716378800570965,1048.0
AUS,5.0,from_scratch,diffusion,0.2,15.386240005493164,"[14.151660919189453, 14.539908409118652, 15.084879875183105, 14.984725952148438, 14.923468589782715, 14.940686225891113, 14.923664093017578, 15.95710563659668, 15.980549812316895, 18.375755310058594]",15.095704370074802,3.6864407062530518,17.773998260498047,3.201777219772339,0.014471244998276234,17218.0
AUS,5.0,from_scratch_lstm,lstm,1.1,7.436485290527344,"[4.295424461364746, 5.6295390129089355, 6.053436756134033, 5.907877445220947, 6.1794233322143555, 7.041505813598633, 7.98193359375, 9.292526245117188, 10.522749900817871, 11.460433959960938]",6.758611385027568,2.98305082321167,10.401651382446289,7.4249091148376465,0.0,100929.0
AUS,5.0,from_scratch_gru,gru,0.9,11.78991985321045,"[4.71438455581665, 6.34906530380249, 7.55886173248291, 9.154844284057617, 11.286879539489746, 13.115442276000977, 14.69539737701416, 16.0837345123291, 17.124345779418945, 17.816234588623047]",10.376484553019207,3.8813560009002686,12.50670337677002,5.156253337860107,0.0,75713.0
AUS,5.0,from_scratch_tcn,tcn,0.1,11.644554138183594,"[5.624413967132568, 8.706990242004395, 9.149803161621094, 10.080994606018066, 10.226693153381348, 11.731734275817871, 12.758176803588867, 14.485621452331543, 16.12125587463379, 17.559864044189453]",10.558251484235129,3.3220338821411133,14.3372802734375,5.192535400390625,0.0,15818.0
AUS,5.0,from_scratch_transformer,transformer,0.7,8.64127254486084,"[6.223032474517822, 7.1071248054504395, 6.674546241760254, 6.622519493103027, 7.693277359008789, 8.044962882995605, 8.895895004272461, 9.929731369018555, 11.747361183166504, 13.47427749633789]",7.967991733551026,2.6610169410705566,9.632485389709473,7.540219783782959,0.0,70282.0
AUS,10.0,frozen,diffusion,0.0,16.226760864257812,"[13.509151458740234, 15.500210762023926, 15.274888038635254, 15.616190910339355, 15.944470405578613, 16.442880630493164, 17.39602279663086, 17.407400131225586, 17.081348419189453, 18.095043182373047]",15.844308143191867,3.5762712955474854,19.227216720581055,2.7703511714935303,0.0,0.0
AUS,10.0,naive_full_finetune,diffusion,0.5,15.238072395324707,"[12.84459114074707, 14.665428161621094, 14.705288887023926, 14.981010437011719, 15.146000862121582, 15.188056945800781, 15.828328132629395, 16.094860076904297, 16.07225227355957, 16.85491180419922]",14.929892206192017,3.6271185874938965,17.16307258605957,3.1238279342651367,0.0,17218.0
AUS,10.0,lora_no_physics,diffusion,0.6,16.03962516784668,"[13.756957054138184, 15.390146255493164, 15.777209281921387, 15.915181159973145, 16.402645111083984, 16.4538516998291, 16.62318229675293, 16.58271598815918, 16.349098205566406, 17.145267486572266]",15.798457670211793,3.3813560009002686,18.511842727661133,3.3041930198669434,0.0,1048.0
AUS,10.0,lora_adjoint_matched,diffusion,2.5,15.621652603149414,"[14.715657234191895, 14.843618392944336, 15.926987648010254, 16.205110549926758, 15.98841381072998, 15.915298461914062, 15.824668884277344, 15.568862915039062, 15.10924243927002, 16.118680953979492]",15.557867919074166,3.9067797660827637,18.09021759033203,4.21681547164917,0.0,1048.0
AUS,10.0,from_scratch,diffusion,0.5,15.82086181640625,"[13.532306671142578, 14.205670356750488, 14.578807830810547, 16.129276275634766, 16.70517349243164, 16.799114227294922, 16.107297897338867, 16.271617889404297, 16.504987716674805, 17.374380111694336]",15.492163589265612,3.254237174987793,17.980493545532227,3.392702102661133,0.0017474255291745067,17218.0
AUS,10.0,from_scratch_lstm,lstm,2.1,10.337410926818848,"[4.725823402404785, 6.168466567993164, 7.587953090667725, 8.465310096740723, 9.804072380065918, 11.309860229492188, 12.86140251159668, 13.917823791503906, 14.167036056518555, 14.366364479064941]",9.286865290006002,2.3135592937469482,7.99639892578125,7.449978351593018,0.0,100929.0
AUS,10.0,from_scratch_gru,gru,1.8,9.599494934082031,"[4.436732292175293, 6.06564998626709, 7.317548751831055, 7.882490634918213, 8.871484756469727, 10.277957916259766, 11.516611099243164, 12.6044921875, 13.37077522277832, 13.651206016540527]",8.639441042476232,2.1864407062530518,10.304468154907227,6.534615516662598,0.0,75713.0
AUS,10.0,from_scratch_tcn,tcn,0.3,9.214689254760742,"[4.340147495269775, 6.205105781555176, 6.998631000518799, 7.769358158111572, 8.829527854919434, 10.26912784576416, 10.402786254882812, 11.269515037536621, 13.136428833007812, 12.92626667022705]",8.345308168729147,2.288135528564453,9.740159034729004,6.888156414031982,0.0,15818.0
AUS,10.0,from_scratch_transformer,transformer,1.4,7.596752643585205,"[5.13158655166626, 6.6767706871032715, 7.135402679443359, 6.147899627685547, 6.753381729125977, 6.6947712898254395, 7.757073879241943, 9.327723503112793, 9.1213960647583, 11.221521377563477]",7.109795475006104,2.03389835357666,8.86091136932373,8.058323860168457,0.0,70282.0
ZAF,1.0,frozen,diffusion,0.0,9.10643482208252,"[6.470499515533447, 9.025202751159668, 7.712152004241943, 6.199441432952881, 7.339931488037109, 7.227476119995117, 7.577353000640869, 11.269489288330078, 13.148019790649414, 15.094783782958984]",8.393733565012614,3.7857143878936768,10.025440216064453,1.890373945236206,0.0,0.0
ZAF,1.0,naive_full_finetune,diffusion,0.1,8.910528182983398,"[9.365642547607422, 6.658101558685303, 7.1871209144592285, 8.011725425720215, 7.829930305480957, 8.539196968078613, 9.04890251159668, 10.565024375915527, 10.868525505065918, 11.03111743927002]",8.548458994759454,3.4285717010498047,7.148195266723633,4.615965843200684,0.0,17218.0
ZAF,1.0,lora_no_physics,diffusion,0.1,9.579337120056152,"[7.357593536376953, 6.467409133911133, 5.751034736633301, 7.069528102874756, 9.73967456817627, 10.374950408935547, 10.326268196105957, 12.280378341674805, 12.561814308166504, 13.864721298217773]",8.777797261873882,3.500000238418579,10.849344253540039,3.0311086177825928,0.0,1048.0
ZAF,1.0,lora_adjoint_matched,diffusion,0.3,9.262101173400879,"[7.500748634338379, 7.05427360534668, 6.399622440338135, 6.805882453918457, 6.964531421661377, 7.614450454711914, 11.648393630981445, 11.46642017364502, 13.616778373718262, 13.549910545349121]",8.479370996687148,2.857142925262451,10.480508804321289,2.4325907230377197,0.0,1048.0
ZAF,1.0,from_scratch,diffusion,0.1,9.548674583435059,"[8.779250144958496, 10.53052806854248, 9.144012451171875, 8.639616966247559, 8.451984405517578, 6.450958728790283, 8.742228507995605, 11.89892292022705, 11.362465858459473, 11.486786842346191]",9.313826844427322,3.857142925262451,9.104825973510742,5.005474090576172,0.0,17218.0
ZAF,1.0,from_scratch_lstm,lstm,0.3,7.885296821594238,"[4.815934658050537, 5.661620616912842, 5.39748477935791, 5.653304100036621, 5.972165107727051, 6.878199100494385, 7.778506278991699, 9.76725959777832, 12.249368667602539, 14.679134368896484]",6.974111347728305,4.642857551574707,17.2581787109375,3.6414995193481445,0.0,100929.0
ZAF,1.0,from_scratch_gru,gru,0.2,7.769445896148682,"[4.830707550048828, 5.856810092926025, 5.1494340896606445, 5.785332202911377, 6.173631191253662, 6.832026481628418, 7.576998233795166, 9.804311752319336, 11.773470878601074, 13.911731719970703]",6.922480837504068,1.3571429252624512,15.61439323425293,4.47084379196167,0.0,75713.0
ZAF,1.0,from_scratch_tcn,tcn,0.0,7.580976963043213,"[3.809826374053955, 4.697803497314453, 4.563565254211426, 5.5528693199157715, 6.099363327026367, 6.576216220855713, 7.543863296508789, 9.928266525268555, 12.221636772155762, 14.816362380981445]",6.55320508480072,2.5714287757873535,15.420604705810547,3.774106025695801,0.0,15818.0
ZAF,1.0,from_scratch_transformer,transformer,0.1,7.513728618621826,"[3.8041882514953613, 6.196103572845459, 4.093527793884277, 5.446547508239746, 6.274194240570068, 7.155189514160156, 7.040714263916016, 9.451700210571289, 12.425978660583496, 13.249151229858398]",6.618906468815274,1.1428571939468384,12.646722793579102,4.470390796661377,0.0,70282.0
ZAF,2.0,frozen,diffusion,0.0,8.172318458557129,"[6.367061138153076, 7.949353218078613, 5.6821160316467285, 7.769012451171875, 6.541495323181152, 6.22361421585083, 7.666919708251953, 9.893045425415039, 11.045099258422852, 12.585474967956543]",7.627505649460685,2.7142858505249023,12.036066055297852,1.599801778793335,0.0,0.0
ZAF,2.0,naive_full_finetune,diffusion,0.1,9.737479209899902,"[6.772298336029053, 7.302858352661133, 7.918691635131836, 10.30186653137207, 7.807957172393799, 8.183040618896484, 10.30439567565918, 10.458708763122559, 13.875988006591797, 14.448992729187012]",9.025341373019748,4.214285850524902,9.216612815856934,3.8562777042388916,0.0,17218.0
ZAF,2.0,lora_no_physics,diffusion,0.1,9.887545585632324,"[6.231800556182861, 8.114439010620117, 9.557861328125, 10.441789627075195, 8.422182083129883, 9.674259185791016, 8.61245346069336, 8.79062557220459, 12.632608413696289, 16.397445678710938]",9.248402704132928,3.500000238418579,11.999760627746582,3.1354589462280273,0.0,1048.0
ZAF,2.0,lora_adjoint_matched,diffusion,0.5,8.590752601623535,"[5.393250942230225, 8.367213249206543, 7.563886642456055, 6.774088382720947, 7.758511066436768, 7.361024379730225, 6.544951915740967, 10.341144561767578, 12.513253211975098, 13.290209770202637]",7.963551730579802,3.857142925262451,13.325618743896484,2.944918394088745,0.0,1048.0
ZAF,2.0,from_scratch,diffusion,0.1,11.658190727233887,"[7.69979190826416, 9.381077766418457, 9.39223861694336, 10.586601257324219, 7.868070602416992, 11.934812545776367, 13.823113441467285, 16.492345809936523, 12.254899024963379, 17.148963928222656]",10.800213093227812,3.0714287757873535,10.46107292175293,8.885897636413574,0.23253577947616577,17218.0
ZAF,2.0,from_scratch_lstm,lstm,0.5,7.965066909790039,"[4.200057029724121, 4.813518524169922, 4.552345275878906, 5.51809024810791, 6.34443473815918, 7.157405853271484, 8.633830070495605, 10.678533554077148, 12.709319114685059, 15.043140411376953]",6.88923700120714,1.4285714626312256,15.412877082824707,4.528378963470459,0.0,100929.0
ZAF,2.0,from_scratch_gru,gru,0.4,8.022143363952637,"[4.1253533363342285, 4.61618185043335, 4.36044979095459, 5.451787948608398, 6.585114479064941, 7.332639217376709, 8.772031784057617, 10.925588607788086, 12.89787483215332, 15.154417037963867]",6.906769585609436,2.2142858505249023,14.97203254699707,4.5119147300720215,0.0,75713.0
ZAF,2.0,from_scratch_tcn,tcn,0.1,7.648868083953857,"[4.37968635559082, 3.9296789169311523, 4.124948501586914, 5.634520530700684, 6.229500770568848, 6.835361957550049, 7.97550106048584, 10.238252639770508, 12.560381889343262, 14.580848693847656]",6.590975324312846,1.8571429252624512,12.479947090148926,4.586640357971191,0.0,15818.0
ZAF,2.0,from_scratch_transformer,transformer,0.2,7.837949752807617,"[4.011427879333496, 3.3465359210968018, 3.376197099685669, 5.243216514587402, 7.052519798278809, 7.772183418273926, 8.8524751663208, 11.093783378601074, 12.395094871520996, 15.236063957214355]",6.646299754248726,1.7857143878936768,10.643841743469238,5.104563236236572,0.0,70282.0
ZAF,3.0,frozen,diffusion,0.0,8.901540756225586,"[5.378346920013428, 6.943864345550537, 5.992190837860107, 7.231131076812744, 7.009572505950928, 8.507248878479004, 8.823222160339355, 11.549184799194336, 12.206267356872559, 15.374382019042969]",8.007874110009935,2.5714287757873535,14.022594451904297,1.6645007133483887,0.0,0.0
ZAF,3.0,naive_full_finetune,diffusion,0.1,11.232354164123535,"[9.42893123626709, 8.904118537902832, 8.08311653137207, 10.115816116333008, 9.868741989135742, 9.667159080505371, 10.19650650024414, 15.81063461303711, 15.794878959655762, 14.453633308410645]",10.498266352547539,3.642857313156128,13.624691009521484,2.906930923461914,0.0,17218.0
ZAF,3.0,lora_no_physics,diffusion,0.2,9.929593086242676,"[7.505944728851318, 8.984126091003418, 10.123494148254395, 8.204158782958984, 9.253374099731445, 8.333439826965332, 8.529179573059082, 9.578779220581055, 13.579936027526855, 15.203500747680664]",9.380814284748501,2.857142925262451,13.089957237243652,2.5183444023132324,0.0,1048.0
ZAF,3.0,lora_adjoint_matched,diffusion,0.6,9.82193660736084,"[9.844817161560059, 8.28575611114502, 7.053006172180176, 7.6222429275512695, 7.362685203552246, 9.04641342163086, 8.307234764099121, 12.188050270080566, 13.755841255187988, 14.75332260131836]",9.200375493367513,3.4285717010498047,14.677484512329102,2.8606560230255127,0.0,1048.0
ZAF,3.0,from_scratch,diffusion,0.1,9.797139167785645,"[7.643679141998291, 8.35770034790039, 8.528257369995117, 7.356882095336914, 8.041435241699219, 10.5822114944458, 8.276374816894531, 10.754456520080566, 13.384252548217773, 15.046144485473633]",9.140259941418966,2.7142858505249023,11.059185028076172,3.7973573207855225,0.0,17218.0
ZAF,3.0,from_scratch_lstm,lstm,0.6,8.206223487854004,"[3.9485933780670166, 4.109889984130859, 4.55133581161499, 5.396907329559326, 6.373900413513184, 7.193604946136475, 9.382207870483398, 11.170683860778809, 13.764439582824707, 16.170673370361328]",6.964818579620785,2.642857313156128,15.887704849243164,4.3672919273376465,0.0,100929.0
ZAF,3.0,from_scratch_gru,gru,0.5,8.246722221374512,"[3.941801071166992, 4.502585411071777, 4.681376934051514, 5.321340560913086, 6.678335189819336, 7.3184099197387695, 9.175023078918457, 11.122271537780762, 13.729230880737305, 15.996850967407227]",7.038458318180508,4.642857551574707,16.363033294677734,3.982762575149536,0.0,75713.0
ZAF,3.0,from_scratch_tcn,tcn,0.1,8.00381088256836,"[4.202563762664795, 3.9070651531219482, 4.367722511291504, 5.260705471038818, 6.379282474517822, 7.1613569259643555, 8.838658332824707, 10.680070877075195, 13.21953296661377, 16.021154403686523]",6.811409813827939,4.5714287757873535,14.656290054321289,3.8686835765838623,0.0,15818.0
ZAF,3.0,from_scratch_transformer,transformer,0.4,8.06474781036377,"[3.9816861152648926, 3.3324804306030273, 3.8564236164093018, 5.254647731781006, 7.2528157234191895, 7.651529788970947, 9.14819049835205, 11.083292007446289, 13.503497123718262, 15.582923889160156]",6.821293463971879,1.4285714626312256,12.42866325378418,4.4759650230407715,0.0,70282.0
ZAF,5.0,frozen,diffusion,0.0,9.753124237060547,"[7.563246726989746, 8.588476181030273, 9.551228523254395, 8.885804176330566, 7.6703643798828125, 9.832517623901367, 8.06542682647705, 10.044147491455078, 13.082566261291504, 14.247467041015625]",9.232112137476603,3.357142925262451,12.914224624633789,2.164764642715454,0.0,0.0
ZAF,5.0,naive_full_finetune,diffusion,0.2,10.522381782531738,"[7.836026191711426, 6.516495704650879, 7.116811275482178, 9.429709434509277, 8.605768203735352, 11.341658592224121, 10.636710166931152, 12.137728691101074, 14.562721252441406, 17.040191650390625]",9.57447907394833,4.142857551574707,16.458576202392578,2.35945463180542,0.0,17218.0
ZAF,5.0,lora_no_physics,diffusion,0.3,10.948619842529297,"[8.698897361755371, 10.831088066101074, 12.03188419342041, 8.88196086883545, 9.003218650817871, 9.396963119506836, 10.518510818481445, 12.966572761535645, 12.687949180603027, 14.469154357910156]",10.532468949423897,3.857142925262451,15.01418685913086,3.270190477371216,0.0,1048.0
ZAF,5.0,lora_adjoint_matched,diffusion,1.1,10.707554817199707,"[8.621180534362793, 9.156224250793457, 10.81497573852539, 8.425872802734375, 7.898266792297363, 8.780905723571777, 9.875864028930664, 12.208086013793945, 15.93300724029541, 15.361162185668945]",10.039246310128107,3.500000238418579,16.546253204345703,3.504556894302368,0.04332984611392021,1048.0
ZAF,5.0,from_scratch,diffusion,0.2,10.487508773803711,"[9.428512573242188, 9.496426582336426, 8.831703186035156, 8.555063247680664, 11.873797416687012, 9.852142333984375, 11.059630393981934, 10.48209285736084, 11.193758964538574, 14.101963996887207]",10.111473687489829,3.4285717010498047,13.714895248413086,3.6014387607574463,0.023150887340307236,17218.0
ZAF,5.0,from_scratch_lstm,lstm,1.1,9.508268356323242,"[4.385852813720703, 4.85243034362793, 5.768252849578857, 6.17335319519043, 7.673759937286377, 8.843257904052734, 10.59807300567627, 12.826130867004395, 15.756507873535156, 18.205062866210938]",8.11696549521552,4.857142925262451,18.75188446044922,3.021174192428589,0.0,100929.0
ZAF,5.0,from_scratch_gru,gru,0.9,8.676812171936035,"[4.013500213623047, 3.1549885272979736, 4.421133518218994, 5.354899883270264, 7.705503463745117, 8.109766006469727, 10.215313911437988, 12.02326488494873, 14.83084487915039, 16.938901901245117]",7.282057434982724,5.214285850524902,15.727653503417969,3.3982396125793457,0.0,75713.0
ZAF,5.0,from_scratch_tcn,tcn,0.1,8.633279800415039,"[4.100492477416992, 3.4537763595581055, 4.370479106903076, 5.47834587097168, 7.4198408126831055, 8.453506469726562, 9.56180191040039, 11.837139129638672, 14.984517097473145, 16.672910690307617]",7.275034976005554,5.285714626312256,15.589005470275879,2.9972283840179443,0.0,15818.0
ZAF,5.0,from_scratch_transformer,transformer,0.6,9.263254165649414,"[4.917153358459473, 3.840818405151367, 3.8916714191436768, 5.2606024742126465, 8.681204795837402, 9.008747100830078, 11.434782981872559, 11.885461807250977, 15.42255973815918, 18.289546966552734]",7.817461751566993,3.000000238418579,15.049461364746094,3.7250921726226807,0.0,70282.0
ZAF,10.0,frozen,diffusion,0.0,9.97936725616455,"[7.603890895843506, 9.413570404052734, 7.439749717712402, 7.894207000732422, 8.052469253540039, 6.824223041534424, 9.762161254882812, 12.197789192199707, 16.138811111450195, 14.466806411743164]",9.218208169937135,3.7857143878936768,13.635287284851074,2.014723062515259,0.0,0.0
ZAF,10.0,naive_full_finetune,diffusion,0.3,11.933927536010742,"[6.77823543548584, 9.870806694030762, 11.048569679260254, 9.976491928100586, 9.498947143554688, 9.089746475219727, 13.562623023986816, 16.222551345825195, 16.617996215820312, 16.673315048217773]",10.975566387176514,3.2857143878936768,14.22977066040039,4.274464130401611,0.0,17218.0
ZAF,10.0,lora_no_physics,diffusion,0.3,10.611618041992188,"[8.312207221984863, 9.659063339233398, 6.59066104888916, 6.4974236488342285, 8.089021682739258, 9.342244148254395, 10.716663360595703, 14.213865280151367, 16.016530990600586, 16.678508758544922]",9.657030336062112,3.642857313156128,12.317804336547852,2.75266695022583,0.0,1048.0
ZAF,10.0,lora_adjoint_matched,diffusion,1.5,9.989646911621094,"[7.939149379730225, 7.969322681427002, 6.405567646026611, 6.255446434020996, 8.751928329467773, 8.978796005249023, 11.661799430847168, 10.77589225769043, 14.12547492980957, 17.033096313476562]",9.082779908180237,4.357142925262451,11.055011749267578,4.504248142242432,0.02260705456137657,1048.0
ZAF,10.0,from_scratch,diffusion,0.3,10.240126609802246,"[7.5580644607543945, 5.562839984893799, 5.281566619873047, 7.714951992034912, 9.154109954833984, 9.684471130371094, 12.854959487915039, 15.748184204101562, 12.712300300598145, 16.12981414794922]",9.154151556226942,4.0714287757873535,10.894930839538574,5.123342514038086,0.0,17218.0
ZAF,10.0,from_scratch_lstm,lstm,1.3,9.59345817565918,"[4.779592514038086, 5.506158828735352, 6.340367317199707, 6.52860164642334, 7.830543518066406, 8.809778213500977, 10.231152534484863, 12.48985767364502, 15.513550758361816, 17.904979705810547]",8.31004400783115,5.214285850524902,19.248321533203125,2.914876699447632,0.0,100929.0
ZAF,10.0,from_scratch_gru,gru,1.1,8.612486839294434,"[4.119230270385742, 3.141136646270752, 4.469468116760254, 5.464369773864746, 7.682032585144043, 8.152125358581543, 9.974998474121094, 11.792341232299805, 14.601083755493164, 16.728092193603516]",7.255178221066794,5.142857551574707,15.97523307800293,3.3431179523468018,0.0,75713.0
ZAF,10.0,from_scratch_tcn,tcn,0.2,8.646991729736328,"[3.9758284091949463, 2.9057576656341553, 4.3724470138549805, 5.5676350593566895, 7.155526161193848, 8.17774486541748, 10.475444793701172, 11.414841651916504, 15.011255264282227, 17.41344451904297]",7.22124448882209,5.285714626312256,15.639176368713379,3.2551093101501465,0.0,15818.0
ZAF,10.0,from_scratch_transformer,transformer,0.8,8.739306449890137,"[5.094817638397217, 4.244558334350586, 4.940093994140625, 5.064779281616211, 7.643949031829834, 7.623875141143799, 9.528093338012695, 11.8650541305542, 14.153223037719727, 17.234628677368164]",7.480342698097229,4.928571701049805,14.560302734375,3.2946746349334717,0.0,70282.0
